User,Item,Link,Date Submitted,Status,Weight,Price,Paid
user1,item1,,,,,,
user1,a,a,2024-12-03,Ordered,10,100,Y
user1,bb,bb,2024-12-04,Ordered,5,50,N
user1,bb,bb,2024-12-04,Ordered,2,20,
piggy,aa,aa,2024-12-04,Ordered, , , 
piggy,aa,aa,2024-12-04,Ordered, , , 
piggypun,punpunju,jiodjwiofjwioefjiogjioefwoj.com,2024-12-04,Ordered, , , 
piggypun,punpunju2,jiodjwiofjwioefjiogjioefwoj.com,2024-12-04,Ordered, , , 
piggypun,punpunju2,jiodjwiofjwioefjiogjioefwoj.com,2024-12-04,Ordered, , , 
piggypun,punpunju2,jiodjwiofjwioefjiogjioefwoj.com,2024-12-04,Ordered, , , 
piggypun,punpunju25,jiodjwiofjwioefjiogjioefwoj.com,2024-12-04,Ordered, , , 
piggypun,punpunju25,jiodjwiofjwioefjiogjioefwoj.com,2024-12-04,Ordered, , , 